<?xml version="1.0" encoding="utf-8"?>
<doc>
	<assembly>
		<name>GrapeCity.ActiveReports.Export.Document.v9</name>
	</assembly>
	<members>
		<member name="T:GrapeCity.ActiveReports.Export.Document.IO.ILoadState">
			<summary>
            Represents document loader state
            </summary>
		</member>
		<member name="P:GrapeCity.ActiveReports.Export.Document.IO.ILoadState.BytesRequired">
			<summary>
            Gets number of bytes expected from data stream
            </summary>
		</member>
		<member name="P:GrapeCity.ActiveReports.Export.Document.IO.ILoadState.DiagInfo">
			<summary>
            Gets execution context info for diagnostics/debugging
            </summary>
		</member>
		<member name="T:GrapeCity.ActiveReports.Export.Document.IO.LoadState">
			<summary>
            Load states factory
            </summary>
		</member>
		<member name="M:GrapeCity.ActiveReports.Export.Document.IO.LoadState.Unwind(System.Collections.IEnumerable)">
			<summary>
            Processes load states into plain enumerator
            </summary>
			<param name="states"></param>
			<returns></returns>
		</member>
		<member name="T:GrapeCity.ActiveReports.Export.Document.Rendering.Interactivity.IDocumentToggleController">
			<summary>
            Internal extension of <see cref="T:GrapeCity.ActiveReports.Extensibility.Rendering.Components.IToggleController" /> interface
            For internal use only
            </summary>
		</member>
		<member name="P:GrapeCity.ActiveReports.Export.Document.Rendering.Interactivity.IDocumentToggleController.ToggleControllerId">
			<summary>
            Gets identifier of toggle controller
            </summary>
		</member>
		<member name="T:GrapeCity.ActiveReports.Export.Document.Document">
			<summary>
            Represents document that provides facility to save/load rendering and layout info.
            </summary>
		</member>
		<member name="M:GrapeCity.ActiveReports.Export.Document.Document.Toggle(System.UInt32[])">
			<summary>
            Toggles all specified toggle items.
            </summary>
			<param name="controllerIds">An array of toggle controller ids to toggle.</param>
		</member>
		<member name="F:GrapeCity.ActiveReports.Export.Document.Document.OnLayoutComplete">
			<summary>
            Called when layout build has been completed.
            </summary>
		</member>
		<member name="M:GrapeCity.ActiveReports.Export.Document.Document.Save(System.IO.Stream)">
			<summary>
            Saves document to specified stream.
            </summary>
			<param name="output">output stream where you want to write the document</param>
		</member>
		<member name="M:GrapeCity.ActiveReports.Export.Document.Document.Save(System.String)">
			<summary>
            Saves document content to specified file.
            </summary>
			<param name="path">path to file</param>
		</member>
		<member name="M:GrapeCity.ActiveReports.Export.Document.Document.Relayout(System.String)">
			<summary>
            Saves document content to specified file with relayout of rendering tree.
            </summary>
			<param name="path">path to file.</param>
		</member>
		<member name="M:GrapeCity.ActiveReports.Export.Document.Document.Relayout(System.IO.Stream)">
			<summary>
            Saves document to specified stream with relayout of rendering tree.
            </summary>
			<param name="output">Output stream where you want to write the document.</param>
		</member>
		<member name="M:GrapeCity.ActiveReports.Export.Document.Document.Relayout(GrapeCity.ActiveReports.Extensibility.Rendering.IO.StreamProvider)">
			<summary>
            Saves document to specified provider with relayout of rendering tree.
            </summary>
			<param name="provider">Output stream provider where you want to write the document.</param>
		</member>
		<member name="M:GrapeCity.ActiveReports.Export.Document.Document.Export(GrapeCity.ActiveReports.Extensibility.Rendering.IO.StreamProvider,GrapeCity.ActiveReports.Extensibility.Rendering.IRenderingExtension,System.Collections.Specialized.NameValueCollection)">
			<summary>
            Exports document report to specified rendering extension.
            </summary>
			<param name="streamProvider">Stream for output.</param>
			<param name="renderingExtension">The rendering extension to use for document export.</param>
			<param name="settings">The rendering extension settings to use for document export.</param>
		</member>
		<member name="M:GrapeCity.ActiveReports.Export.Document.Document.Load(System.String)">
			<summary>
            Loads document content from given file.
            </summary>
			<param name="path">path to file</param>
		</member>
		<member name="M:GrapeCity.ActiveReports.Export.Document.Document.Load(System.IO.Stream)">
			<summary>
            Loads document content from specified stream.
            </summary>
			<param name="input">The input stream with document.</param>
		</member>
		<member name="M:GrapeCity.ActiveReports.Export.Document.Document.GetService(System.Type)">
			<summary>
            Gets the service object of the specified type.
            </summary>
		</member>
		<member name="P:GrapeCity.ActiveReports.Export.Document.Document.Report">
			<summary>
            Returns root of rendering tree.
            </summary>
		</member>
		<member name="P:GrapeCity.ActiveReports.Export.Document.Document.Layout">
			<summary>
            Returns layout tree.
            </summary>
		</member>
		<member name="P:GrapeCity.ActiveReports.Export.Document.Document.Id">
			<summary>
            Gets or sets document id
            </summary>
		</member>
		<member name="P:GrapeCity.ActiveReports.Export.Document.Document.ToggleHistory">
			<summary>
            Gets documents toggle history.
            </summary>
		</member>
		<member name="P:GrapeCity.ActiveReports.Export.Document.Document.PageCount">
			<summary>
            Gets the number of pages.
            </summary>
		</member>
		<member name="E:GrapeCity.ActiveReports.Export.Document.DocumentRenderingExtension.OnLayoutComplete">
			<summary>
            Raised when layout build has been completed.
            </summary>
		</member>
	</members>
</doc>