<?xml version="1.0" encoding="utf-8"?>
<doc>
	<assembly>
		<name>GrapeCity.ActiveReports.Web.Design.v9</name>
	</assembly>
	<members>
		<member name="T:GrapeCity.ActiveReports.Web.Design.WebReportObjectConverter">
			<summary>
            This component supports the ActiveReports.Web infrastructure and is not intended to be used directly from your code. 
            </summary>
		</member>
		<member name="M:GrapeCity.ActiveReports.Web.Design.WebReportObjectConverter.GetStandardValuesSupported(System.ComponentModel.ITypeDescriptorContext)">
			<summary>
            Can we return a list of possible values for the prop list ?
            </summary>
			<param name="context"></param>
			<returns></returns>
		</member>
		<member name="M:GrapeCity.ActiveReports.Web.Design.WebReportObjectConverter.GetStandardValues(System.ComponentModel.ITypeDescriptorContext)">
			<summary>
            Return a list of possible values. 
            </summary>
			<param name="context"></param>
			<returns></returns>
		</member>
		<member name="M:GrapeCity.ActiveReports.Web.Design.WebReportObjectConverter.CanConvertTo(System.ComponentModel.ITypeDescriptorContext,System.Type)">
			<summary>
            Returns whether this converter can convert the object to the specified type, using the specified context.
            </summary>
			<param name="context"></param>
			<param name="destinationType"></param>
			<returns></returns>
		</member>
		<member name="M:GrapeCity.ActiveReports.Web.Design.WebReportObjectConverter.ConvertTo(System.ComponentModel.ITypeDescriptorContext,System.Globalization.CultureInfo,System.Object,System.Type)">
			<summary>
            Converts the given value object to the specified type, using the specified context and culture information.
            </summary>
			<param name="context"></param>
			<param name="culture"></param>
			<param name="val"></param>
			<param name="destinationType"></param>
			<returns></returns>
		</member>
		<member name="T:GrapeCity.ActiveReports.Web.Design.WebViewerDesigner">
			<summary>
            This component supports the ActiveReports.Web infrastructure and is not intended to be used 
            directly from your code. 
            </summary>
		</member>
		<member name="M:GrapeCity.ActiveReports.Web.Design.WebViewerDesigner.OnComponentChanged(System.Object,System.ComponentModel.Design.ComponentChangedEventArgs)">
			<summary>
            Called when the component changes.
            </summary>
			<param name="sender"></param>
			<param name="ce"></param>
		</member>
		<member name="M:GrapeCity.ActiveReports.Web.Design.WebViewerDesigner.GetDesignTimeHtml">
			<summary>
            Returns the simple disgntime display but sizable.
            </summary>
			<returns></returns>
		</member>
		<member name="M:GrapeCity.ActiveReports.Web.Design.WebViewerDesigner.Initialize(System.ComponentModel.IComponent)">
			<summary>
            Initializes the designer and loads the specified component.
            </summary>
			<param name="component"></param>
		</member>
	</members>
</doc>